res,connect
337,4
339,6
340,2
344,4
345,2
346,6
348,2
349,1
350,1
352,1
356,2
357,1
359,1
364,1
367,1
368,4
371,8
372,4
373,2
374,1
375,4
376,2
384,2
395,1
397,1
401,1
404,1
405,2
406,1
407,1
408,1
411,5
413,1
414,1
416,1
417,9
419,1
435,2
437,1
440,1
441,2
444,5
445,3
446,3
447,2
448,1
449,1
450,2
452,10
453,1
455,2
456,2
459,1
460,3
463,2
470,1
472,1
474,3
475,1
476,1
477,4
478,3
479,2
483,2
484,4
485,4
486,11
487,1
490,2
491,2
493,1
494,2
496,4
498,6
499,3
500,1
501,3
503,1
504,1
505,5
507,2
