chain,residue,amino_acid,RSA
A,14,Q,0.6151
A,15,C,0.2766
A,16,V,0.2153
A,17,N,0.1706
A,18,L,0.0426
A,19,T,0.5646
A,20,T,0.4025
A,21,R,0.3126
A,22,T,0.3136
A,23,Q,0.6982
A,24,L,0.4767
A,25,P,0.6625
A,26,P,0.6666
A,27,A,0.1956
A,28,Y,0.4092
A,29,T,0.0995
A,30,N,0.2278
A,31,S,0.0024
A,32,F,0.219
A,33,T,0.1935
A,34,R,0.0571
A,35,G,0.0099
A,36,V,0.0068
A,37,Y,0.0
A,38,Y,0.0241
A,39,P,0.1483
A,40,D,0.4401
A,41,K,0.3189
A,42,V,0.0574
A,43,F,0.0119
A,44,R,0.1306
A,45,S,0.1611
A,46,S,0.3074
A,47,V,0.159
A,48,L,0.2941
A,49,H,0.2215
A,50,S,0.3763
A,51,T,0.135
A,52,Q,0.5971
A,53,D,0.2112
A,54,L,0.1576
A,55,F,0.0
A,56,L,0.0019
A,57,P,0.0799
A,58,F,0.0657
A,59,F,0.392
A,60,S,0.177
A,61,N,0.2659
A,62,V,0.0
A,63,T,0.1473
A,64,W,0.1901
A,65,F,0.0582
A,66,H,0.2325
A,67,A,0.0293
A,68,I,0.3142
A,69,H,0.574
A,77,K,0.4909
A,78,R,0.1079
A,79,F,0.0528
A,80,D,0.1323
A,81,N,0.08
A,82,P,0.2534
A,83,V,0.3991
A,84,L,0.1095
A,85,P,0.4494
A,86,F,0.0533
A,87,N,0.4474
A,88,D,0.5357
A,89,G,0.0346
A,90,V,0.0007
A,91,Y,0.001
A,92,F,0.0005
A,93,A,0.0
A,94,S,0.0087
A,95,T,0.0055
A,96,E,0.079
A,97,K,0.1479
A,98,S,0.1568
A,99,N,0.3091
A,100,I,0.053
A,101,I,0.0997
A,102,R,0.0242
A,103,G,0.0
A,104,W,0.0781
A,105,I,0.0101
A,106,F,0.0
A,107,G,0.0
A,108,T,0.1266
A,109,T,0.2461
A,110,L,0.1035
A,111,D,0.3233
A,112,S,0.2412
A,113,K,0.6429
A,114,T,0.2706
A,115,Q,0.2357
A,116,S,0.0
A,117,L,0.0
A,118,L,0.0238
A,119,I,0.0581
A,120,V,0.0043
A,121,N,0.201
A,122,N,0.0349
A,123,A,0.1013
A,124,T,0.1308
A,125,N,0.0783
A,126,V,0.2285
A,127,V,0.0152
A,128,I,0.0683
A,129,K,0.1341
A,130,V,0.0
A,131,C,0.0
A,132,E,0.1705
A,133,F,0.0016
A,134,Q,0.3101
A,135,F,0.0964
A,136,C,0.0686
A,137,N,0.4533
A,138,D,0.0821
A,139,P,0.0078
A,140,F,0.0062
A,141,L,0.0069
A,142,G,0.0048
A,143,V,0.0861
A,144,Y,0.4648
A,145,Y,0.4933
A,146,H,0.4802
A,147,K,0.3623
A,148,N,0.7652
A,149,N,0.3223
A,150,K,0.6865
A,151,S,0.4596
A,152,W,0.3583
A,153,M,0.5455
A,154,E,0.1674
A,155,S,0.4627
A,156,E,0.2205
A,157,F,0.3014
A,158,R,0.1027
A,159,V,0.0007
A,160,Y,0.2063
A,161,S,0.4742
A,162,S,0.4038
A,163,A,0.2743
A,164,N,0.5175
A,165,N,0.1477
A,166,C,0.3126
A,167,T,0.5741
A,168,F,0.2132
A,169,E,0.5357
A,170,Y,0.4151
A,171,V,0.4247
A,172,S,0.1389
A,173,Q,0.7267
A,174,P,0.6736
A,175,F,0.2353
A,176,L,0.6421
A,177,M,0.3876
A,178,D,0.4941
A,179,L,0.0658
A,180,E,0.46
A,181,G,0.3431
A,182,K,0.7888
A,183,Q,0.5116
A,184,G,0.5942
A,185,N,0.2597
A,186,F,0.0634
A,187,K,0.3395
A,188,N,0.3025
A,189,L,0.0058
A,190,R,0.4222
A,191,E,0.0173
A,192,F,0.1237
A,193,V,0.0
A,194,F,0.001
A,195,K,0.0475
A,196,N,0.201
A,197,I,0.2793
A,198,D,0.697
A,199,G,0.2251
A,200,Y,0.1548
A,201,F,0.0
A,202,K,0.267
A,203,I,0.0919
A,204,Y,0.0643
A,205,S,0.1344
A,206,K,0.2252
A,207,H,0.4302
A,208,T,0.2657
A,209,P,0.65
A,210,I,0.1411
A,211,N,0.545
A,212,L,0.3411
A,213,V,0.6114
A,214,R,0.6631
A,215,D,0.3013
A,216,L,0.0242
A,217,P,0.0605
A,218,Q,0.7146
A,219,G,0.2409
A,220,F,0.2161
A,221,S,0.2278
A,222,A,0.0287
A,223,L,0.0013
A,224,E,0.1932
A,225,P,0.1587
A,226,L,0.6692
A,227,V,0.334
A,228,D,0.3393
A,229,L,0.0557
A,230,P,0.206
A,231,I,0.0699
A,232,G,0.476
A,233,I,0.0881
A,234,N,0.2163
A,235,I,0.089
A,236,T,0.2536
A,237,R,0.2568
A,238,F,0.0063
A,239,Q,0.0318
A,240,T,0.0188
A,241,L,0.0006
A,242,L,0.0044
A,243,A,0.0542
A,244,L,0.1422
A,254,S,0.9966
A,255,S,0.3985
A,256,S,0.3053
A,257,G,0.5296
A,258,W,0.1462
A,259,T,0.5386
A,260,A,0.0739
A,261,G,0.2036
A,262,A,0.3583
A,263,A,0.0515
A,264,A,0.0679
A,265,Y,0.0132
A,266,Y,0.0004
A,267,V,0.0014
A,268,G,0.0145
A,269,Y,0.2487
A,270,L,0.0228
A,271,Q,0.3567
A,272,P,0.5178
A,273,R,0.2378
A,274,T,0.2735
A,275,F,0.0
A,276,L,0.0
A,277,L,0.0
A,278,K,0.2927
A,279,Y,0.0333
A,280,N,0.165
A,281,E,0.5187
A,282,N,0.2566
A,283,G,0.0422
A,284,T,0.1471
A,285,I,0.0623
A,286,T,0.351
A,287,D,0.2961
A,288,A,0.0632
A,289,V,0.0737
A,290,D,0.0105
A,291,C,0.1049
A,292,A,0.4816
A,293,L,0.3177
A,294,D,0.2909
A,295,P,0.1651
A,296,L,0.07
A,297,S,0.0756
A,298,E,0.2435
A,299,T,0.007
A,300,K,0.1227
A,301,C,0.1145
A,302,T,0.3639
A,303,L,0.3946
A,304,K,0.3997
A,305,S,0.2146
A,306,F,0.1509
A,307,T,0.4777
A,308,V,0.0402
A,309,E,0.6389
A,310,K,0.4428
A,311,G,0.1379
A,312,I,0.2679
A,313,Y,0.2022
A,314,Q,0.348
A,315,T,0.0663
A,316,S,0.5263
A,317,N,0.2651
A,318,F,0.1415
A,319,R,0.3865
A,320,V,0.1384
A,321,Q,0.5039
A,322,P,0.2823
A,323,T,0.5332
A,324,E,0.3487
A,325,S,0.5427
A,326,I,0.0067
A,327,V,0.2704
A,328,R,0.0507
A,329,F,0.1325
A,330,P,0.4244
A,331,N,0.2332
A,332,I,0.4569
A,333,T,0.7047
A,334,N,0.3956
A,335,L,0.2568
A,336,C,0.1127
A,337,P,0.2315
A,338,F,0.1443
A,339,G,0.3868
A,340,E,0.5385
A,341,V,0.0146
A,342,F,0.036
A,343,N,0.3371
A,344,A,0.2164
A,345,T,0.7907
A,346,R,0.599
A,347,F,0.047
A,348,A,0.1906
A,349,S,0.0909
A,350,V,0.0
A,351,Y,0.1425
A,352,A,0.2575
A,353,W,0.023
A,354,N,0.385
A,355,R,0.2664
A,356,K,0.2824
A,357,R,0.3
A,358,I,0.0539
A,359,S,0.1584
A,360,N,0.3863
A,361,C,0.0528
A,362,V,0.2039
A,363,A,0.0672
A,364,D,0.2781
A,365,Y,0.0986
A,366,S,0.3815
A,367,V,0.5751
A,368,L,0.0632
A,369,Y,0.166
A,370,N,0.5452
A,371,S,0.2053
A,372,A,0.5794
A,373,S,0.3986
A,374,F,0.0709
A,375,S,0.5004
A,376,T,0.346
A,377,F,0.1834
A,378,K,0.4242
A,379,C,0.0914
A,380,Y,0.3808
A,381,G,0.4974
A,382,V,0.2256
A,383,S,0.3329
A,384,P,0.2366
A,385,T,0.4066
A,386,K,0.4953
A,387,L,0.0681
A,388,N,0.1815
A,389,D,0.6459
A,390,L,0.3322
A,391,C,0.2782
A,392,F,0.0723
A,393,T,0.1784
A,394,N,0.2129
A,395,V,0.0578
A,396,Y,0.2038
A,397,A,0.002
A,398,D,0.0
A,399,S,0.1022
A,400,F,0.0
A,401,V,0.0013
A,402,I,0.0
A,403,R,0.2391
A,404,G,0.1785
A,405,D,0.3965
A,406,E,0.0218
A,407,V,0.1687
A,408,R,0.4933
A,409,Q,0.0448
A,410,I,0.0168
A,411,A,0.2224
A,412,P,0.2439
A,413,G,0.5002
A,414,Q,0.2707
A,415,T,0.5273
A,416,G,0.1964
A,417,K,0.2215
A,418,I,0.0
A,419,A,0.0103
A,420,D,0.1182
A,421,Y,0.2055
A,422,N,0.0275
A,423,Y,0.0118
A,424,K,0.2362
A,425,L,0.0239
A,426,P,0.1709
A,427,D,0.6767
A,428,D,0.6268
A,429,F,0.0707
A,430,T,0.3396
A,431,G,0.0198
A,432,C,0.0068
A,433,V,0.072
A,434,I,0.0045
A,435,A,0.0156
A,436,W,0.0773
A,437,N,0.2783
A,438,S,0.0016
A,439,N,0.1342
A,440,N,0.6795
A,441,L,0.5035
A,442,D,0.0416
A,443,S,0.1614
A,444,K,0.4872
A,445,V,0.7124
A,446,G,0.422
A,447,G,0.0322
A,448,N,0.1213
A,449,Y,0.4605
A,450,N,0.4618
A,451,Y,0.0354
A,452,L,0.1989
A,453,Y,0.0908
A,454,R,0.0167
A,455,L,0.2509
A,456,F,0.2045
A,457,R,0.1928
A,458,K,0.789
A,459,S,0.4089
A,460,N,0.5175
A,461,L,0.0857
A,462,K,0.5691
A,463,P,0.4564
A,464,F,0.2674
A,465,E,0.2504
A,466,R,0.4065
A,467,D,0.1627
A,468,I,0.5091
A,469,S,0.2759
A,470,T,0.3369
A,471,E,0.549
A,472,I,0.2135
A,473,Y,0.2171
A,474,Q,0.3952
A,475,A,0.3979
A,476,G,0.2579
A,477,S,0.8481
A,478,T,0.3966
A,479,P,0.5748
A,480,C,0.1454
A,481,N,0.6281
A,482,G,0.7
A,483,V,0.6473
A,484,E,0.5133
A,485,G,0.3938
A,486,F,0.7141
A,487,N,0.2346
A,488,C,0.0923
A,489,Y,0.3373
A,490,F,0.3735
A,491,P,0.0285
A,492,L,0.135
A,493,Q,0.3808
A,494,S,0.2364
A,495,Y,0.011
A,496,G,0.0779
A,497,F,0.0
A,498,Q,0.2688
A,499,P,0.4287
A,500,T,0.6777
A,501,N,0.0822
A,502,G,0.4712
A,503,V,0.6597
A,504,G,0.0254
A,505,Y,0.3319
A,506,Q,0.0757
A,507,P,0.0
A,508,Y,0.0877
A,509,R,0.0511
A,510,V,0.0043
A,511,V,0.0
A,512,V,0.0
A,513,L,0.1039
A,514,S,0.0384
A,515,F,0.0952
A,516,E,0.4791
A,517,L,0.2418
A,518,L,0.6501
A,519,H,0.8153
A,520,A,0.4613
A,521,P,0.1518
A,522,A,0.398
A,523,T,0.2467
A,524,V,0.0294
A,525,C,0.1592
A,526,G,0.0419
A,527,P,0.1147
A,528,K,0.4532
A,529,K,0.6807
A,530,S,0.1914
A,531,T,0.3619
A,532,N,0.6554
A,533,L,0.1401
A,534,V,0.1887
A,535,K,0.2864
A,536,N,0.6053
A,537,K,0.4394
A,538,C,0.0548
A,539,V,0.0
A,540,N,0.287
A,541,F,0.07
A,542,N,0.1403
A,543,F,0.0005
A,544,N,0.2361
A,545,G,0.4188
A,546,L,0.1547
A,547,T,0.3878
A,548,G,0.1636
A,549,T,0.2557
A,550,G,0.0
A,551,V,0.2023
A,552,L,0.0
A,553,T,0.2817
A,554,E,0.5164
A,555,S,0.17
A,556,N,0.7596
A,557,K,0.2631
A,558,K,0.7181
A,559,F,0.0602
A,560,L,0.2215
A,561,P,0.7447
A,562,F,0.1067
A,563,Q,0.0153
A,564,Q,0.218
A,565,F,0.1651
A,566,G,0.0024
A,567,R,0.2264
A,568,D,0.2564
A,569,I,0.5712
A,570,A,0.1002
A,571,D,0.3153
A,572,T,0.136
A,573,T,0.2167
A,574,D,0.1355
A,575,A,0.0
A,576,V,0.0
A,577,R,0.1275
A,578,D,0.0
A,579,P,0.0564
A,580,Q,0.1886
A,581,T,0.3226
A,582,L,0.5303
A,583,E,0.2444
A,584,I,0.0865
A,585,L,0.0
A,586,D,0.2343
A,587,I,0.1198
A,588,T,0.4354
A,589,P,0.2073
A,590,C,0.0843
A,591,S,0.1432
A,592,F,0.0751
A,593,G,0.0141
A,594,G,0.0631
A,595,V,0.1005
A,596,S,0.0007
A,597,V,0.0094
A,598,I,0.0045
A,599,T,0.0099
A,600,P,0.0473
A,601,G,0.1393
A,602,T,0.1858
A,603,N,0.4296
A,604,T,0.5809
A,605,S,0.1184
A,606,N,0.4514
A,607,Q,0.3426
A,608,V,0.0664
A,609,A,0.0039
A,610,V,0.0188
A,611,L,0.0125
A,612,Y,0.1285
A,613,Q,0.179
A,614,G,0.555
A,615,V,0.012
A,616,N,0.1232
A,617,C,0.1776
A,618,T,0.4996
A,619,E,0.3194
A,620,V,0.0246
A,621,P,0.5825
A,622,V,0.5092
A,623,A,0.6626
A,636,Y,0.4553
A,637,S,0.3865
A,638,T,0.7362
A,639,G,0.2265
A,640,S,0.7736
A,641,N,0.2324
A,642,V,0.448
A,643,F,0.1545
A,644,Q,0.2657
A,645,T,0.129
A,646,R,0.7019
A,647,A,0.0512
A,648,G,0.0242
A,649,C,0.0072
A,650,L,0.0175
A,651,I,0.0683
A,652,G,0.2139
A,653,A,0.01
A,654,E,0.3332
A,655,H,0.4066
A,656,V,0.1863
A,657,N,0.4441
A,658,N,0.5201
A,659,S,0.3916
A,660,Y,0.351
A,661,E,0.5986
A,662,C,0.2439
A,663,D,0.3162
A,664,I,0.0453
A,665,P,0.3739
A,666,I,0.0881
A,667,G,0.0229
A,668,A,0.1111
A,669,G,0.0169
A,670,I,0.0581
A,671,C,0.0
A,672,A,0.0068
A,673,S,0.0661
A,674,Y,0.2094
A,675,Q,0.2452
A,676,T,0.755
A,689,S,0.9202
A,690,Q,0.4043
A,691,S,0.0847
A,692,I,0.0158
A,693,I,0.0351
A,694,A,0.002
A,695,Y,0.0064
A,696,T,0.35
A,697,M,0.0589
A,698,S,0.2431
A,699,L,0.0903
A,700,G,0.2876
A,701,A,0.4846
A,702,E,0.5582
A,703,N,0.2894
A,704,S,0.4822
A,705,V,0.0624
A,706,A,0.1845
A,707,Y,0.0706
A,708,S,0.2329
A,709,N,0.121
A,710,N,0.3281
A,711,S,0.1388
A,712,I,0.0358
A,713,A,0.0563
A,714,I,0.0045
A,715,P,0.0134
A,716,T,0.1942
A,717,N,0.0241
A,718,F,0.0051
A,719,T,0.2747
A,720,I,0.0654
A,721,S,0.2348
A,722,V,0.0828
A,723,T,0.2532
A,724,T,0.3396
A,725,E,0.2029
A,726,I,0.1104
A,727,L,0.0363
A,728,P,0.0934
A,729,V,0.0137
A,730,S,0.0886
A,731,M,0.0158
A,732,T,0.0963
A,733,K,0.11
A,734,T,0.0565
A,735,S,0.1126
A,736,V,0.0259
A,737,D,0.1712
A,738,C,0.0252
A,739,T,0.276
A,740,M,0.0953
A,741,Y,0.017
A,742,I,0.0034
A,743,C,0.0087
A,744,G,0.2619
A,745,D,0.3689
A,746,S,0.0304
A,747,T,0.537
A,748,E,0.4359
A,749,C,0.0056
A,750,S,0.1607
A,751,N,0.4648
A,752,L,0.1043
A,753,L,0.0668
A,754,L,0.5999
A,755,Q,0.2668
A,756,Y,0.0582
A,757,G,0.3827
A,758,S,0.2123
A,759,F,0.0126
A,760,C,0.132
A,761,T,0.3828
A,762,Q,0.1383
A,763,L,0.0294
A,764,N,0.2271
A,765,R,0.3275
A,766,A,0.1099
A,767,L,0.0339
A,768,T,0.3552
A,769,G,0.3922
A,770,I,0.0576
A,771,A,0.074
A,772,V,0.5426
A,773,E,0.1379
A,774,Q,0.0204
A,775,D,0.1635
A,776,K,0.3455
A,777,N,0.0043
A,778,T,0.1115
A,779,Q,0.3163
A,780,E,0.4558
A,781,V,0.0
A,782,F,0.0173
A,783,A,0.1874
A,784,Q,0.1163
A,785,V,0.0492
A,786,K,0.6528
A,787,Q,0.2697
A,788,I,0.0881
A,789,Y,0.0571
A,790,K,0.476
A,791,T,0.169
A,792,P,0.0661
A,793,P,0.7799
A,794,I,0.5064
A,795,K,0.4422
A,796,D,0.1231
A,797,F,0.0388
A,798,G,0.2778
A,799,G,0.4325
A,800,F,0.0564
A,801,N,0.1024
A,802,F,0.0188
A,803,S,0.3235
A,804,Q,0.045
A,805,I,0.0265
A,806,L,0.0273
A,807,P,0.3074
A,808,D,0.2411
A,809,P,0.6262
A,810,S,0.6146
A,811,K,0.4009
A,812,P,0.8594
A,813,S,0.1043
A,814,K,0.5716
A,815,R,0.1219
A,816,S,0.0068
A,817,F,0.3414
A,818,I,0.0032
A,819,E,0.0317
A,820,D,0.2193
A,821,L,0.1444
A,822,L,0.0068
A,823,F,0.1369
A,824,N,0.6159
A,825,K,0.2608
A,826,V,0.0257
A,827,T,0.5646
A,828,L,0.3998
A,829,A,0.3515
A,830,D,0.111
A,831,A,0.1922
A,832,G,0.0899
A,833,F,0.4673
A,834,I,0.1228
A,835,K,0.2042
A,836,Q,0.2807
A,837,Y,0.1172
A,838,G,0.6257
A,839,D,0.3416
A,840,C,0.0682
A,841,L,0.3082
A,842,G,0.1448
A,843,D,0.4522
A,844,I,0.288
A,845,A,0.0467
A,846,A,0.1413
A,847,R,0.4716
A,848,D,0.1979
A,849,L,0.4017
A,850,I,0.067
A,851,C,0.008
A,852,A,0.0263
A,853,Q,0.0229
A,854,K,0.1196
A,855,F,0.1014
A,856,N,0.1209
A,857,G,0.0116
A,858,L,0.0029
A,859,T,0.1302
A,860,V,0.072
A,861,L,0.1663
A,862,P,0.0957
A,863,P,0.3143
A,864,L,0.107
A,865,L,0.0523
A,866,T,0.0833
A,867,D,0.3029
A,868,E,0.3008
A,869,M,0.0635
A,870,I,0.0683
A,871,A,0.0313
A,872,Q,0.4039
A,873,Y,0.0285
A,874,T,0.0151
A,875,S,0.174
A,876,A,0.0
A,877,L,0.0
A,878,L,0.0138
A,879,A,0.0096
A,880,G,0.0012
A,881,T,0.0007
A,882,I,0.0
A,883,T,0.0
A,884,S,0.0029
A,885,G,0.029
A,886,W,0.2248
A,887,T,0.1489
A,888,F,0.0358
A,889,G,0.0816
A,890,A,0.0266
A,891,G,0.2847
A,892,A,0.3238
A,893,A,0.1744
A,894,L,0.0759
A,895,Q,0.0455
A,896,I,0.0728
A,897,P,0.0403
A,898,F,0.0068
A,899,A,0.1209
A,900,M,0.0446
A,901,Q,0.0253
A,902,M,0.0194
A,903,A,0.0
A,904,Y,0.0823
A,905,R,0.0008
A,906,F,0.0
A,907,N,0.2708
A,908,G,0.2409
A,909,I,0.0942
A,910,G,0.4043
A,911,V,0.0085
A,912,T,0.2317
A,913,Q,0.0182
A,914,N,0.0115
A,915,V,0.0094
A,916,L,0.0006
A,917,Y,0.0175
A,918,E,0.2275
A,919,N,0.2422
A,920,Q,0.0516
A,921,K,0.5783
A,922,L,0.1046
A,923,I,0.0018
A,924,A,0.0166
A,925,N,0.427
A,926,Q,0.0783
A,927,F,0.0246
A,928,N,0.1964
A,929,S,0.3656
A,930,A,0.066
A,931,I,0.0045
A,932,G,0.1626
A,933,K,0.5259
A,934,I,0.0727
A,935,Q,0.1316
A,936,D,0.4933
A,937,S,0.3609
A,938,L,0.0448
A,939,S,0.5363
A,940,S,0.6139
A,941,T,0.3158
A,942,A,0.7817
A,943,S,0.5627
A,944,A,0.32
A,945,L,0.0354
A,946,G,0.3538
A,947,K,0.4264
A,948,L,0.006
A,949,Q,0.1571
A,950,D,0.4256
A,951,V,0.0966
A,952,V,0.0598
A,953,N,0.4233
A,954,Q,0.2753
A,955,N,0.0402
A,956,A,0.1767
A,957,Q,0.3995
A,958,A,0.1266
A,959,L,0.0244
A,960,N,0.1439
A,961,T,0.0735
A,962,L,0.023
A,963,V,0.0259
A,964,K,0.3884
A,965,Q,0.0138
A,966,L,0.0631
A,967,S,0.307
A,968,S,0.0722
A,969,N,0.203
A,970,F,0.0279
A,971,G,0.3865
A,972,A,0.0551
A,973,I,0.3537
A,974,S,0.0967
A,975,S,0.0894
A,976,V,0.1504
A,977,L,0.0612
A,978,N,0.2617
A,979,D,0.0846
A,980,I,0.0
A,981,L,0.1713
A,982,S,0.0658
A,983,R,0.115
A,984,L,0.0641
A,985,D,0.2277
A,986,K,0.6427
A,987,V,0.3841
A,988,E,0.3232
A,989,A,0.0283
A,990,E,0.4242
A,991,V,0.4328
A,992,Q,0.1306
A,993,I,0.0077
A,994,D,0.1404
A,995,R,0.3319
A,996,L,0.0069
A,997,I,0.0013
A,998,T,0.3796
A,999,G,0.0732
A,1000,R,0.0474
A,1001,L,0.01
A,1002,Q,0.2262
A,1003,S,0.0314
A,1004,L,0.0232
A,1005,Q,0.0763
A,1006,T,0.1062
A,1007,Y,0.028
A,1008,V,0.0246
A,1009,T,0.1114
A,1010,Q,0.1625
A,1011,Q,0.0155
A,1012,L,0.1093
A,1013,I,0.0695
A,1014,R,0.1538
A,1015,A,0.0078
A,1016,A,0.2386
A,1017,E,0.3248
A,1018,I,0.0511
A,1019,R,0.1377
A,1020,A,0.4946
A,1021,S,0.119
A,1022,A,0.0125
A,1023,N,0.4051
A,1024,L,0.3174
A,1025,A,0.0
A,1026,A,0.1103
A,1027,T,0.2149
A,1028,K,0.05
A,1029,M,0.0
A,1030,S,0.1153
A,1031,E,0.0344
A,1032,C,0.0013
A,1033,V,0.0051
A,1034,L,0.005
A,1035,G,0.0071
A,1036,Q,0.1572
A,1037,S,0.0917
A,1038,K,0.5953
A,1039,R,0.1234
A,1040,V,0.2082
A,1041,D,0.1762
A,1042,F,0.0921
A,1043,C,0.0099
A,1044,G,0.1601
A,1045,K,0.4757
A,1046,G,0.0966
A,1047,Y,0.1681
A,1048,H,0.0416
A,1049,L,0.0
A,1050,M,0.0154
A,1051,S,0.0015
A,1052,F,0.0005
A,1053,P,0.0
A,1054,Q,0.0026
A,1055,S,0.0008
A,1056,A,0.058
A,1057,P,0.0396
A,1058,H,0.1782
A,1059,G,0.0325
A,1060,V,0.0
A,1061,V,0.0058
A,1062,F,0.0
A,1063,L,0.0031
A,1064,H,0.0067
A,1065,V,0.013
A,1066,T,0.0
A,1067,Y,0.0029
A,1068,V,0.1605
A,1069,P,0.1202
A,1070,A,0.3129
A,1071,Q,0.3979
A,1072,E,0.2248
A,1073,K,0.431
A,1074,N,0.2235
A,1075,F,0.034
A,1076,T,0.3589
A,1077,T,0.0428
A,1078,A,0.0069
A,1079,P,0.1173
A,1080,A,0.0
A,1081,I,0.0
A,1082,C,0.0665
A,1083,H,0.4061
A,1084,D,0.5784
A,1085,G,0.5109
A,1086,K,0.4543
A,1087,A,0.0
A,1088,H,0.0528
A,1089,F,0.0005
A,1090,P,0.0232
A,1091,R,0.4559
A,1092,E,0.6549
A,1093,G,0.0294
A,1094,V,0.0188
A,1095,F,0.0044
A,1096,V,0.0029
A,1097,S,0.052
A,1098,N,0.2259
A,1099,G,0.6036
A,1100,T,0.5163
A,1101,H,0.253
A,1102,W,0.1531
A,1103,F,0.0687
A,1104,V,0.0293
A,1105,T,0.0248
A,1106,Q,0.1138
A,1107,R,0.2085
A,1108,N,0.1548
A,1109,F,0.0807
A,1110,Y,0.1807
A,1111,E,0.2066
A,1112,P,0.3464
A,1113,Q,0.3629
A,1114,I,0.4879
A,1115,I,0.0153
A,1116,T,0.0969
A,1117,T,0.3671
A,1118,D,0.5218
A,1119,N,0.1901
A,1120,T,0.0182
A,1121,F,0.1572
A,1122,V,0.335
A,1123,S,0.1194
A,1124,G,0.4659
A,1125,N,0.3511
A,1126,C,0.2783
A,1127,D,0.6463
A,1128,V,0.2997
A,1129,V,0.0322
A,1130,I,0.3941
A,1131,G,0.2833
A,1132,I,0.1736
A,1133,V,0.2109
A,1134,N,0.3048
A,1135,N,0.1874
A,1136,T,0.5548
A,1137,V,0.04
A,1138,Y,0.3953
A,1139,D,0.3284
A,1140,P,0.3184
A,1141,L,0.1527
A,1142,Q,0.4432
A,1143,P,0.3489
A,1144,E,0.2837
A,1145,L,0.0387
A,1146,D,0.4055
A,1147,S,0.4418
A,1148,F,0.0787
A,1149,K,0.1749
A,1150,E,0.426
A,1151,E,0.3131
A,1152,L,0.028
A,1153,D,0.1624
A,1154,K,0.6616
A,1155,Y,0.3583
A,1156,F,0.0768
A,1157,K,0.5462
A,1158,N,0.2076
A,1159,H,0.2059
A,1160,T,0.5313
A,1161,S,0.6029
A,1162,P,0.8373
B,14,Q,0.6219
B,15,C,0.3458
B,16,V,0.258
B,17,N,0.2491
B,18,L,0.0232
B,19,T,0.6157
B,20,T,0.3813
B,21,R,0.2922
B,22,T,0.3658
B,23,Q,0.7382
B,24,L,0.4191
B,25,P,0.6137
B,26,P,0.5997
B,27,A,0.1565
B,28,Y,0.493
B,29,T,0.1126
B,30,N,0.2294
B,31,S,0.0023
B,32,F,0.1928
B,33,T,0.1941
B,34,R,0.0677
B,35,G,0.01
B,36,V,0.0021
B,37,Y,0.0
B,38,Y,0.0229
B,39,P,0.167
B,40,D,0.2767
B,41,K,0.4807
B,42,V,0.0582
B,43,F,0.0278
B,44,R,0.0333
B,45,S,0.2762
B,46,S,0.4837
B,47,V,0.1504
B,48,L,0.2575
B,49,H,0.1646
B,50,S,0.2967
B,51,T,0.1294
B,52,Q,0.5751
B,53,D,0.1783
B,54,L,0.132
B,55,F,0.001
B,56,L,0.0089
B,57,P,0.0671
B,58,F,0.0647
B,59,F,0.3717
B,60,S,0.1607
B,61,N,0.2672
B,62,V,0.0058
B,63,T,0.1557
B,64,W,0.1667
B,65,F,0.0645
B,66,H,0.2346
B,67,A,0.0339
B,68,I,0.3912
B,77,K,0.6656
B,78,R,0.0758
B,79,F,0.0234
B,80,D,0.1586
B,81,N,0.0814
B,82,P,0.2559
B,83,V,0.4401
B,84,L,0.1133
B,85,P,0.3966
B,86,F,0.0503
B,87,N,0.4166
B,88,D,0.5202
B,89,G,0.0307
B,90,V,0.0
B,91,Y,0.0
B,92,F,0.001
B,93,A,0.0
B,94,S,0.0154
B,95,T,0.0027
B,96,E,0.0469
B,97,K,0.1352
B,98,S,0.1338
B,99,N,0.2887
B,100,I,0.0734
B,101,I,0.1057
B,102,R,0.0518
B,103,G,0.0057
B,104,W,0.0662
B,105,I,0.0077
B,106,F,0.0
B,107,G,0.0011
B,108,T,0.2245
B,109,T,0.2453
B,110,L,0.1039
B,111,D,0.281
B,112,S,0.2253
B,113,K,0.6808
B,114,T,0.2361
B,115,Q,0.1866
B,116,S,0.0036
B,117,L,0.0019
B,118,L,0.0254
B,119,I,0.0568
B,120,V,0.0051
B,121,N,0.1941
B,122,N,0.0076
B,123,A,0.1235
B,124,T,0.33
B,125,N,0.0613
B,126,V,0.2574
B,127,V,0.0273
B,128,I,0.0702
B,129,K,0.0988
B,130,V,0.0014
B,131,C,0.0008
B,132,E,0.1508
B,133,F,0.0056
B,134,Q,0.312
B,135,F,0.0889
B,136,C,0.0568
B,137,N,0.3206
B,138,D,0.121
B,139,P,0.0075
B,140,F,0.011
B,141,L,0.0106
B,142,G,0.0108
B,143,V,0.1542
B,144,Y,0.4145
B,145,Y,0.5
B,146,H,0.4507
B,147,K,0.3767
B,148,N,0.713
B,149,N,0.3483
B,150,K,0.6983
B,151,S,0.3135
B,152,W,0.3672
B,153,M,0.3998
B,154,E,0.1533
B,155,S,0.4835
B,156,E,0.1934
B,157,F,0.2511
B,158,R,0.1175
B,159,V,0.0
B,160,Y,0.2042
B,161,S,0.3968
B,162,S,0.4214
B,163,A,0.3505
B,164,N,0.4394
B,165,N,0.124
B,166,C,0.3809
B,167,T,0.2174
B,168,F,0.109
B,169,E,0.3886
B,170,Y,0.3893
B,171,V,0.2799
B,172,S,0.1174
B,173,Q,0.7459
B,174,P,0.6563
B,175,F,0.2496
B,176,L,0.7475
B,177,M,0.4893
B,178,D,0.5242
B,179,L,0.1232
B,180,E,0.5552
B,181,G,0.4117
B,182,K,0.5661
B,183,Q,0.7411
B,184,G,0.6168
B,185,N,0.2445
B,186,F,0.0744
B,187,K,0.425
B,188,N,0.2257
B,189,L,0.0017
B,190,R,0.394
B,191,E,0.0066
B,192,F,0.131
B,193,V,0.0
B,194,F,0.0
B,195,K,0.048
B,196,N,0.2006
B,197,I,0.3773
B,198,D,0.6996
B,199,G,0.1291
B,200,Y,0.3309
B,201,F,0.0009
B,202,K,0.2876
B,203,I,0.0697
B,204,Y,0.0538
B,205,S,0.099
B,206,K,0.2656
B,207,H,0.4466
B,208,T,0.2672
B,209,P,0.6759
B,210,I,0.1271
B,211,N,0.5642
B,212,L,0.2347
B,213,V,0.6619
B,214,R,0.6269
B,215,D,0.2685
B,216,L,0.0243
B,217,P,0.109
B,218,Q,0.7049
B,219,G,0.1812
B,220,F,0.2633
B,221,S,0.1174
B,222,A,0.0421
B,223,L,0.0013
B,224,E,0.1408
B,225,P,0.1364
B,226,L,0.6297
B,227,V,0.2926
B,228,D,0.3006
B,229,L,0.0789
B,230,P,0.159
B,231,I,0.0991
B,232,G,0.2778
B,233,I,0.0535
B,234,N,0.272
B,235,I,0.1346
B,236,T,0.3777
B,237,R,0.3194
B,238,F,0.0058
B,239,Q,0.0456
B,240,T,0.0208
B,241,L,0.0
B,242,L,0.0075
B,243,A,0.0533
B,244,L,0.1465
B,254,S,0.9961
B,255,S,0.438
B,256,S,0.3499
B,257,G,0.5254
B,258,W,0.1602
B,259,T,0.6678
B,260,A,0.0364
B,261,G,0.2132
B,262,A,0.2674
B,263,A,0.0375
B,264,A,0.0301
B,265,Y,0.0128
B,266,Y,0.0
B,267,V,0.0214
B,268,G,0.0435
B,269,Y,0.3172
B,270,L,0.0222
B,271,Q,0.3799
B,272,P,0.5205
B,273,R,0.151
B,274,T,0.2663
B,275,F,0.0037
B,276,L,0.0
B,277,L,0.0
B,278,K,0.3618
B,279,Y,0.0077
B,280,N,0.1269
B,281,E,0.5854
B,282,N,0.2537
B,283,G,0.0011
B,284,T,0.2002
B,285,I,0.0493
B,286,T,0.3887
B,287,D,0.3111
B,288,A,0.0588
B,289,V,0.0665
B,290,D,0.0035
B,291,C,0.1105
B,292,A,0.1994
B,293,L,0.2461
B,294,D,0.2447
B,295,P,0.0016
B,296,L,0.0407
B,297,S,0.0648
B,298,E,0.1135
B,299,T,0.0085
B,300,K,0.1221
B,301,C,0.1162
B,302,T,0.4767
B,303,L,0.3756
B,304,K,0.4331
B,305,S,0.1833
B,306,F,0.1516
B,307,T,0.506
B,308,V,0.0163
B,309,E,0.6267
B,310,K,0.4873
B,311,G,0.1234
B,312,I,0.2953
B,313,Y,0.1849
B,314,Q,0.3365
B,315,T,0.0782
B,316,S,0.5059
B,317,N,0.2493
B,318,F,0.1677
B,319,R,0.4216
B,320,V,0.2539
B,321,Q,0.6539
B,322,P,0.2419
B,323,T,0.5105
B,324,E,0.408
B,325,S,0.4817
B,326,I,0.0047
B,327,V,0.1345
B,328,R,0.0591
B,329,F,0.011
B,330,P,0.154
B,331,N,0.302
B,332,I,0.2032
B,333,T,0.6374
B,334,N,0.4495
B,335,L,0.6369
B,336,C,0.0527
B,337,P,0.2428
B,338,F,0.1111
B,339,G,0.4225
B,340,E,0.5004
B,341,V,0.0317
B,342,F,0.0205
B,343,N,0.3819
B,344,A,0.2301
B,345,T,0.642
B,346,R,0.782
B,347,F,0.0825
B,348,A,0.1535
B,349,S,0.1134
B,350,V,0.0
B,351,Y,0.082
B,352,A,0.1456
B,353,W,0.0052
B,354,N,0.3825
B,355,R,0.1337
B,356,K,0.29
B,357,R,0.4048
B,358,I,0.0632
B,359,S,0.3173
B,360,N,0.5004
B,361,C,0.0292
B,362,V,0.133
B,363,A,0.0088
B,364,D,0.1891
B,365,Y,0.0384
B,366,S,0.2309
B,367,V,0.4134
B,368,L,0.0114
B,369,Y,0.3909
B,370,N,0.5909
B,371,S,0.1762
B,372,A,0.7913
B,373,S,0.5221
B,374,F,0.156
B,375,S,0.4764
B,376,T,0.1438
B,377,F,0.1668
B,378,K,0.4853
B,379,C,0.1835
B,380,Y,0.3188
B,381,G,0.0925
B,382,V,0.0142
B,383,S,0.0
B,384,P,0.2162
B,385,T,0.4274
B,386,K,0.2618
B,387,L,0.0024
B,388,N,0.2485
B,389,D,0.325
B,390,L,0.0006
B,391,C,0.0143
B,392,F,0.0
B,393,T,0.1074
B,394,N,0.1901
B,395,V,0.0101
B,396,Y,0.0247
B,397,A,0.0
B,398,D,0.0
B,399,S,0.0754
B,400,F,0.0
B,401,V,0.0045
B,402,I,0.0
B,403,R,0.1487
B,404,G,0.157
B,405,D,0.4033
B,406,E,0.0887
B,407,V,0.1325
B,408,R,0.512
B,409,Q,0.1281
B,410,I,0.0057
B,411,A,0.1997
B,412,P,0.2266
B,413,G,0.2693
B,414,Q,0.3505
B,415,T,0.2191
B,416,G,0.1654
B,417,K,0.3273
B,418,I,0.0
B,419,A,0.0344
B,420,D,0.1162
B,421,Y,0.1389
B,422,N,0.0117
B,423,Y,0.0075
B,424,K,0.2568
B,425,L,0.045
B,426,P,0.0934
B,427,D,0.4293
B,428,D,0.66
B,429,F,0.0466
B,430,T,0.1652
B,431,G,0.0
B,432,C,0.0119
B,433,V,0.0152
B,434,I,0.0
B,435,A,0.0
B,436,W,0.115
B,437,N,0.3497
B,438,S,0.0041
B,439,N,0.1056
B,440,N,0.7796
B,441,L,0.6136
B,442,D,0.0349
B,443,S,0.1728
B,444,K,0.5401
B,445,V,0.735
B,446,G,0.4291
B,447,G,0.0783
B,448,N,0.1325
B,449,Y,0.4623
B,450,N,0.6096
B,451,Y,0.056
B,452,L,0.2105
B,453,Y,0.0755
B,454,R,0.0291
B,455,L,0.1473
B,456,F,0.255
B,457,R,0.136
B,458,K,0.6408
B,459,S,0.2629
B,460,N,0.4767
B,461,L,0.0126
B,462,K,0.5092
B,463,P,0.1457
B,464,F,0.0398
B,465,E,0.0509
B,466,R,0.0762
B,467,D,0.1444
B,468,I,0.0994
B,469,S,0.1087
B,470,T,0.3624
B,471,E,0.3555
B,472,I,0.2183
B,473,Y,0.2162
B,474,Q,0.3658
B,475,A,0.4367
B,476,G,0.2398
B,477,S,0.8473
B,478,T,0.3752
B,479,P,0.5716
B,480,C,0.1573
B,481,N,0.6524
B,482,G,0.7313
B,483,V,0.6722
B,484,E,0.4966
B,485,G,0.3677
B,486,F,0.7145
B,487,N,0.3002
B,488,C,0.0715
B,489,Y,0.3769
B,490,F,0.3897
B,491,P,0.0174
B,492,L,0.1101
B,493,Q,0.3807
B,494,S,0.2648
B,495,Y,0.0361
B,496,G,0.3144
B,497,F,0.0126
B,498,Q,0.2439
B,499,P,0.3968
B,500,T,0.6581
B,501,N,0.0929
B,502,G,0.3566
B,503,V,0.6787
B,504,G,0.1481
B,505,Y,0.4721
B,506,Q,0.0717
B,507,P,0.0
B,508,Y,0.106
B,509,R,0.0441
B,510,V,0.0022
B,511,V,0.0
B,512,V,0.0
B,513,L,0.0307
B,514,S,0.0251
B,515,F,0.0358
B,516,E,0.3555
B,517,L,0.0578
B,518,L,0.0622
B,519,H,0.4147
B,520,A,0.0882
B,521,P,0.334
B,522,A,0.1414
B,523,T,0.3003
B,524,V,0.0065
B,525,C,0.0421
B,526,G,0.0333
B,527,P,0.3961
B,528,K,0.347
B,529,K,0.7701
B,530,S,0.2028
B,531,T,0.3243
B,532,N,0.6646
B,533,L,0.1856
B,534,V,0.146
B,535,K,0.2983
B,536,N,0.5861
B,537,K,0.4824
B,538,C,0.0651
B,539,V,0.0
B,540,N,0.3216
B,541,F,0.067
B,542,N,0.0801
B,543,F,0.0089
B,544,N,0.0261
B,545,G,0.0021
B,546,L,0.0313
B,547,T,0.297
B,548,G,0.1019
B,549,T,0.1939
B,550,G,0.0
B,551,V,0.2221
B,552,L,0.0
B,553,T,0.3045
B,554,E,0.5641
B,555,S,0.1524
B,556,N,0.7338
B,557,K,0.2242
B,558,K,0.4922
B,559,F,0.0538
B,560,L,0.1789
B,561,P,0.7043
B,562,F,0.0916
B,563,Q,0.011
B,564,Q,0.0423
B,565,F,0.0063
B,566,G,0.0
B,567,R,0.1315
B,568,D,0.1295
B,569,I,0.2679
B,570,A,0.0234
B,571,D,0.1947
B,572,T,0.3238
B,573,T,0.1453
B,574,D,0.1688
B,575,A,0.0
B,576,V,0.0014
B,577,R,0.1483
B,578,D,0.0
B,579,P,0.1601
B,580,Q,0.2102
B,581,T,0.4145
B,582,L,0.6131
B,583,E,0.2198
B,584,I,0.0888
B,585,L,0.0
B,586,D,0.2548
B,587,I,0.0617
B,588,T,0.3162
B,589,P,0.25
B,590,C,0.0908
B,591,S,0.1934
B,592,F,0.089
B,593,G,0.0265
B,594,G,0.0757
B,595,V,0.0267
B,596,S,0.0079
B,597,V,0.0051
B,598,I,0.0045
B,599,T,0.0015
B,600,P,0.0767
B,601,G,0.1519
B,602,T,0.1015
B,603,N,0.4381
B,604,T,0.5121
B,605,S,0.1171
B,606,N,0.4752
B,607,Q,0.2938
B,608,V,0.0391
B,609,A,0.0029
B,610,V,0.0022
B,611,L,0.0006
B,612,Y,0.1071
B,613,Q,0.1321
B,614,G,0.1733
B,615,V,0.0145
B,616,N,0.0357
B,617,C,0.2166
B,618,T,0.3366
B,619,E,0.2187
B,620,V,0.0974
B,621,P,0.5623
B,622,V,0.6402
B,623,A,0.2989
B,624,I,0.4868
B,632,T,0.7855
B,633,W,0.1369
B,634,R,0.508
B,635,V,0.5484
B,636,Y,0.1822
B,637,S,0.2863
B,638,T,0.6186
B,639,G,0.1995
B,640,S,0.7625
B,641,N,0.2971
B,642,V,0.3801
B,643,F,0.2116
B,644,Q,0.1892
B,645,T,0.0168
B,646,R,0.4037
B,647,A,0.0481
B,648,G,0.0
B,649,C,0.0015
B,650,L,0.0019
B,651,I,0.0517
B,652,G,0.2018
B,653,A,0.0047
B,654,E,0.3314
B,655,H,0.3618
B,656,V,0.1801
B,657,N,0.4744
B,658,N,0.4684
B,659,S,0.3639
B,660,Y,0.3016
B,661,E,0.5805
B,662,C,0.2497
B,663,D,0.336
B,664,I,0.0421
B,665,P,0.3253
B,666,I,0.0907
B,667,G,0.0345
B,668,A,0.0943
B,669,G,0.0169
B,670,I,0.0696
B,671,C,0.0
B,672,A,0.0049
B,673,S,0.056
B,674,Y,0.2141
B,675,Q,0.2424
B,676,T,0.726
B,689,S,0.8433
B,690,Q,0.3965
B,691,S,0.2028
B,692,I,0.025
B,693,I,0.0409
B,694,A,0.0068
B,695,Y,0.0065
B,696,T,0.3631
B,697,M,0.0978
B,698,S,0.2795
B,699,L,0.0896
B,700,G,0.3014
B,701,A,0.492
B,702,E,0.6231
B,703,N,0.2467
B,704,S,0.4294
B,705,V,0.085
B,706,A,0.2365
B,707,Y,0.0805
B,708,S,0.2448
B,709,N,0.172
B,710,N,0.3269
B,711,S,0.1261
B,712,I,0.0358
B,713,A,0.0611
B,714,I,0.0109
B,715,P,0.0127
B,716,T,0.2015
B,717,N,0.0047
B,718,F,0.0037
B,719,T,0.3034
B,720,I,0.0529
B,721,S,0.2304
B,722,V,0.0957
B,723,T,0.2954
B,724,T,0.2737
B,725,E,0.2139
B,726,I,0.0763
B,727,L,0.0576
B,728,P,0.0847
B,729,V,0.0116
B,730,S,0.097
B,731,M,0.0204
B,732,T,0.2062
B,733,K,0.1056
B,734,T,0.0513
B,735,S,0.1578
B,736,V,0.0405
B,737,D,0.1192
B,738,C,0.0242
B,739,T,0.3362
B,740,M,0.1299
B,741,Y,0.0209
B,742,I,0.0063
B,743,C,0.0221
B,744,G,0.2525
B,745,D,0.4548
B,746,S,0.0603
B,747,T,0.5458
B,748,E,0.4217
B,749,C,0.0037
B,750,S,0.2118
B,751,N,0.4956
B,752,L,0.145
B,753,L,0.0738
B,754,L,0.632
B,755,Q,0.2615
B,756,Y,0.0951
B,757,G,0.3174
B,758,S,0.2449
B,759,F,0.0347
B,760,C,0.1131
B,761,T,0.4271
B,762,Q,0.1551
B,763,L,0.0811
B,764,N,0.255
B,765,R,0.3226
B,766,A,0.1091
B,767,L,0.0205
B,768,T,0.3489
B,769,G,0.4484
B,770,I,0.0453
B,771,A,0.0585
B,772,V,0.5536
B,773,E,0.1616
B,774,Q,0.023
B,775,D,0.1545
B,776,K,0.4744
B,777,N,0.0338
B,778,T,0.11
B,779,Q,0.3179
B,780,E,0.4369
B,781,V,0.0
B,782,F,0.0152
B,783,A,0.1617
B,784,Q,0.1117
B,785,V,0.0431
B,786,K,0.6152
B,787,Q,0.3242
B,788,I,0.0792
B,789,Y,0.0363
B,790,K,0.3891
B,791,T,0.2333
B,792,P,0.0622
B,793,P,0.7538
B,794,I,0.513
B,795,K,0.4551
B,796,D,0.178
B,797,F,0.0104
B,798,G,0.3418
B,799,G,0.4485
B,800,F,0.0461
B,801,N,0.1
B,802,F,0.0166
B,803,S,0.4088
B,804,Q,0.0575
B,805,I,0.0239
B,806,L,0.04
B,807,P,0.2839
B,808,D,0.2466
B,809,P,0.586
B,810,S,0.6925
B,811,K,0.2516
B,812,P,0.8342
B,813,S,0.1599
B,814,K,0.5729
B,815,R,0.1333
B,816,S,0.003
B,817,F,0.2964
B,818,I,0.0
B,819,E,0.0313
B,820,D,0.1522
B,821,L,0.1613
B,822,L,0.0013
B,823,F,0.1519
B,824,N,0.5857
B,825,K,0.2577
B,826,V,0.0321
B,827,T,0.5516
B,828,L,0.7003
B,851,C,0.8265
B,852,A,0.1085
B,853,Q,0.2514
B,854,K,0.3225
B,855,F,0.2524
B,856,N,0.0792
B,857,G,0.0043
B,858,L,0.0229
B,859,T,0.1453
B,860,V,0.4141
B,861,L,0.197
B,862,P,0.2277
B,863,P,0.4355
B,864,L,0.107
B,865,L,0.0581
B,866,T,0.1492
B,867,D,0.4051
B,868,E,0.4367
B,869,M,0.0629
B,870,I,0.0575
B,871,A,0.0537
B,872,Q,0.4004
B,873,Y,0.0306
B,874,T,0.0153
B,875,S,0.1661
B,876,A,0.0
B,877,L,0.0
B,878,L,0.0125
B,879,A,0.0048
B,880,G,0.0
B,881,T,0.0007
B,882,I,0.0
B,883,T,0.0
B,884,S,0.0043
B,885,G,0.029
B,886,W,0.2301
B,887,T,0.1513
B,888,F,0.0316
B,889,G,0.0946
B,890,A,0.0704
B,891,G,0.2758
B,892,A,0.367
B,893,A,0.1596
B,894,L,0.071
B,895,Q,0.0456
B,896,I,0.0658
B,897,P,0.0443
B,898,F,0.0074
B,899,A,0.1162
B,900,M,0.0459
B,901,Q,0.0259
B,902,M,0.0149
B,903,A,0.0
B,904,Y,0.0753
B,905,R,0.0008
B,906,F,0.0
B,907,N,0.2938
B,908,G,0.2498
B,909,I,0.1011
B,910,G,0.4171
B,911,V,0.0051
B,912,T,0.2254
B,913,Q,0.0232
B,914,N,0.0063
B,915,V,0.0072
B,916,L,0.0
B,917,Y,0.0139
B,918,E,0.2645
B,919,N,0.1683
B,920,Q,0.0468
B,921,K,0.6323
B,922,L,0.1109
B,923,I,0.0019
B,924,A,0.0322
B,925,N,0.4206
B,926,Q,0.0791
B,927,F,0.0225
B,928,N,0.1889
B,929,S,0.3574
B,930,A,0.0667
B,931,I,0.007
B,932,G,0.1641
B,933,K,0.4965
B,934,I,0.0549
B,935,Q,0.1534
B,936,D,0.4771
B,937,S,0.3204
B,938,L,0.0086
B,939,S,0.5378
B,940,S,0.6163
B,941,T,0.3241
B,942,A,0.7263
B,943,S,0.5772
B,944,A,0.2394
B,945,L,0.035
B,946,G,0.3265
B,947,K,0.4645
B,948,L,0.0062
B,949,Q,0.1713
B,950,D,0.4466
B,951,V,0.0981
B,952,V,0.0928
B,953,N,0.4243
B,954,Q,0.2656
B,955,N,0.0455
B,956,A,0.3375
B,957,Q,0.3857
B,958,A,0.0997
B,959,L,0.0551
B,960,N,0.2456
B,961,T,0.0374
B,962,L,0.0215
B,963,V,0.0193
B,964,K,0.3137
B,965,Q,0.0148
B,966,L,0.1275
B,967,S,0.4172
B,968,S,0.0914
B,969,N,0.2104
B,970,F,0.0339
B,971,G,0.2567
B,972,A,0.0399
B,973,I,0.4194
B,974,S,0.0946
B,975,S,0.2142
B,976,V,0.3542
B,977,L,0.0853
B,978,N,0.2657
B,979,D,0.2786
B,980,I,0.0
B,981,L,0.248
B,982,S,0.5912
B,983,R,0.5278
B,984,L,0.2534
B,985,D,0.3017
B,986,K,0.4721
B,987,V,0.4234
B,988,E,0.4125
B,989,A,0.0468
B,990,E,0.3918
B,991,V,0.4352
B,992,Q,0.1215
B,993,I,0.016
B,994,D,0.2063
B,995,R,0.3133
B,996,L,0.0056
B,997,I,0.0045
B,998,T,0.3496
B,999,G,0.0246
B,1000,R,0.06
B,1001,L,0.0488
B,1002,Q,0.1705
B,1003,S,0.0158
B,1004,L,0.0207
B,1005,Q,0.1293
B,1006,T,0.1028
B,1007,Y,0.0392
B,1008,V,0.0246
B,1009,T,0.1129
B,1010,Q,0.1418
B,1011,Q,0.0185
B,1012,L,0.1072
B,1013,I,0.0748
B,1014,R,0.1489
B,1015,A,0.0164
B,1016,A,0.2341
B,1017,E,0.3079
B,1018,I,0.0453
B,1019,R,0.1488
B,1020,A,0.5209
B,1021,S,0.1162
B,1022,A,0.0105
B,1023,N,0.4122
B,1024,L,0.333
B,1025,A,0.0
B,1026,A,0.111
B,1027,T,0.228
B,1028,K,0.0536
B,1029,M,0.0
B,1030,S,0.0998
B,1031,E,0.0384
B,1032,C,0.0
B,1033,V,0.0006
B,1034,L,0.0058
B,1035,G,0.0107
B,1036,Q,0.0746
B,1037,S,0.086
B,1038,K,0.4935
B,1039,R,0.1327
B,1040,V,0.2148
B,1041,D,0.1855
B,1042,F,0.0917
B,1043,C,0.0117
B,1044,G,0.1548
B,1045,K,0.5012
B,1046,G,0.0967
B,1047,Y,0.1622
B,1048,H,0.0609
B,1049,L,0.0
B,1050,M,0.0156
B,1051,S,0.0007
B,1052,F,0.001
B,1053,P,0.0008
B,1054,Q,0.002
B,1055,S,0.0008
B,1056,A,0.0528
B,1057,P,0.0593
B,1058,H,0.2299
B,1059,G,0.0369
B,1060,V,0.0
B,1061,V,0.0
B,1062,F,0.0
B,1063,L,0.0006
B,1064,H,0.0062
B,1065,V,0.0159
B,1066,T,0.0
B,1067,Y,0.0019
B,1068,V,0.1554
B,1069,P,0.0972
B,1070,A,0.2951
B,1071,Q,0.395
B,1072,E,0.2722
B,1073,K,0.4336
B,1074,N,0.2267
B,1075,F,0.0522
B,1076,T,0.3714
B,1077,T,0.0402
B,1078,A,0.0095
B,1079,P,0.1062
B,1080,A,0.0
B,1081,I,0.0006
B,1082,C,0.0829
B,1083,H,0.3638
B,1084,D,0.4952
B,1085,G,0.365
B,1086,K,0.3541
B,1087,A,0.0
B,1088,H,0.034
B,1089,F,0.0005
B,1090,P,0.0237
B,1091,R,0.4283
B,1092,E,0.5986
B,1093,G,0.0316
B,1094,V,0.0188
B,1095,F,0.0024
B,1096,V,0.0043
B,1097,S,0.0859
B,1098,N,0.2197
B,1099,G,0.632
B,1100,T,0.5059
B,1101,H,0.2436
B,1102,W,0.1359
B,1103,F,0.0681
B,1104,V,0.035
B,1105,T,0.0277
B,1106,Q,0.1096
B,1107,R,0.2003
B,1108,N,0.1439
B,1109,F,0.077
B,1110,Y,0.2033
B,1111,E,0.1685
B,1112,P,0.3487
B,1113,Q,0.3377
B,1114,I,0.4752
B,1115,I,0.0129
B,1116,T,0.0871
B,1117,T,0.3776
B,1118,D,0.4958
B,1119,N,0.1847
B,1120,T,0.0162
B,1121,F,0.1583
B,1122,V,0.3354
B,1123,S,0.0962
B,1124,G,0.4523
B,1125,N,0.3991
B,1126,C,0.2251
B,1127,D,0.6408
B,1128,V,0.3183
B,1129,V,0.0449
B,1130,I,0.3655
B,1131,G,0.2895
B,1132,I,0.1716
B,1133,V,0.1836
B,1134,N,0.2822
B,1135,N,0.2238
B,1136,T,0.5604
B,1137,V,0.055
B,1138,Y,0.3859
B,1139,D,0.342
B,1140,P,0.2927
B,1141,L,0.1547
B,1142,Q,0.4477
B,1143,P,0.3651
B,1144,E,0.2845
B,1145,L,0.04
B,1146,D,0.4071
B,1147,S,0.4455
B,1148,F,0.0911
B,1149,K,0.2117
B,1150,E,0.4247
B,1151,E,0.2981
B,1152,L,0.0344
B,1153,D,0.1539
B,1154,K,0.6434
B,1155,Y,0.3111
B,1156,F,0.0659
B,1157,K,0.4924
B,1158,N,0.2052
B,1159,H,0.2029
B,1160,T,0.5595
B,1161,S,0.5498
B,1162,P,0.8397
C,14,Q,0.7349
C,15,C,0.2699
C,16,V,0.2174
C,17,N,0.1925
C,18,L,0.015
C,19,T,0.5967
C,20,T,0.4568
C,21,R,0.3145
C,22,T,0.2947
C,23,Q,0.7289
C,24,L,0.5043
C,25,P,0.6033
C,26,P,0.5299
C,27,A,0.238
C,28,Y,0.3071
C,29,T,0.0314
C,30,N,0.2276
C,31,S,0.0014
C,32,F,0.223
C,33,T,0.1738
C,34,R,0.068
C,35,G,0.0
C,36,V,0.0027
C,37,Y,0.0
C,38,Y,0.0328
C,39,P,0.1666
C,40,D,0.2998
C,41,K,0.3371
C,42,V,0.0639
C,43,F,0.0118
C,44,R,0.0925
C,45,S,0.2252
C,46,S,0.5378
C,47,V,0.1689
C,48,L,0.3216
C,49,H,0.2277
C,50,S,0.3577
C,51,T,0.1255
C,52,Q,0.5267
C,53,D,0.1909
C,54,L,0.1461
C,55,F,0.0005
C,56,L,0.0
C,57,P,0.0774
C,58,F,0.0654
C,59,F,0.4459
C,60,S,0.1824
C,61,N,0.2944
C,62,V,0.0022
C,63,T,0.2445
C,64,W,0.2055
C,65,F,0.0702
C,66,H,0.1765
C,67,A,0.0427
C,68,I,0.3052
C,69,H,0.6138
C,77,K,0.4393
C,78,R,0.126
C,79,F,0.0172
C,80,D,0.1227
C,81,N,0.0543
C,82,P,0.2964
C,83,V,0.3707
C,84,L,0.1452
C,85,P,0.4353
C,86,F,0.0485
C,87,N,0.4043
C,88,D,0.4837
C,89,G,0.0219
C,90,V,0.0
C,91,Y,0.0005
C,92,F,0.0005
C,93,A,0.0
C,94,S,0.0182
C,95,T,0.0028
C,96,E,0.0462
C,97,K,0.107
C,98,S,0.1893
C,99,N,0.2933
C,100,I,0.0709
C,101,I,0.1232
C,102,R,0.0646
C,103,G,0.0
C,104,W,0.0671
C,105,I,0.0051
C,106,F,0.0
C,107,G,0.0
C,108,T,0.0924
C,109,T,0.2083
C,110,L,0.1045
C,111,D,0.3174
C,112,S,0.2872
C,113,K,0.4033
C,114,T,0.1689
C,115,Q,0.0493
C,116,S,0.0
C,117,L,0.0
C,118,L,0.0069
C,119,I,0.0575
C,120,V,0.0029
C,121,N,0.2151
C,122,N,0.0505
C,123,A,0.1109
C,124,T,0.1858
C,125,N,0.0631
C,126,V,0.2559
C,127,V,0.0051
C,128,I,0.067
C,129,K,0.0972
C,130,V,0.0
C,131,C,0.0
C,132,E,0.0739
C,133,F,0.0
C,134,Q,0.255
C,135,F,0.0961
C,136,C,0.0628
C,137,N,0.4759
C,138,D,0.127
C,139,P,0.0016
C,140,F,0.0073
C,141,L,0.0013
C,142,G,0.0
C,143,V,0.0932
C,144,Y,0.4124
C,145,Y,0.5292
C,146,H,0.4831
C,147,K,0.315
C,148,N,0.7565
C,149,N,0.3738
C,150,K,0.6997
C,151,S,0.3728
C,152,W,0.3794
C,153,M,0.2948
C,154,E,0.1854
C,155,S,0.4385
C,156,E,0.1901
C,157,F,0.3145
C,158,R,0.0886
C,159,V,0.0
C,160,Y,0.2101
C,161,S,0.4829
C,162,S,0.3917
C,163,A,0.2962
C,164,N,0.3965
C,165,N,0.1174
C,166,C,0.4125
C,167,T,0.4223
C,168,F,0.2028
C,169,E,0.439
C,170,Y,0.4208
C,171,V,0.2362
C,172,S,0.1163
C,173,Q,0.7117
C,174,P,0.6651
C,175,F,0.24
C,176,L,0.6589
C,177,M,0.4665
C,178,D,0.4921
C,179,L,0.1279
C,180,E,0.4562
C,181,G,0.348
C,182,K,0.775
C,183,Q,0.3231
C,184,G,0.7215
C,185,N,0.2444
C,186,F,0.0314
C,187,K,0.3178
C,188,N,0.2754
C,189,L,0.0028
C,190,R,0.3473
C,191,E,0.0115
C,192,F,0.1541
C,193,V,0.0
C,194,F,0.0
C,195,K,0.0378
C,196,N,0.2392
C,197,I,0.2995
C,198,D,0.3691
C,199,G,0.0847
C,200,Y,0.1345
C,201,F,0.0
C,202,K,0.2409
C,203,I,0.0775
C,204,Y,0.0722
C,205,S,0.1232
C,206,K,0.253
C,207,H,0.4617
C,208,T,0.2613
C,209,P,0.6861
C,210,I,0.1247
C,211,N,0.5683
C,212,L,0.314
C,213,V,0.5622
C,214,R,0.6056
C,215,D,0.3436
C,216,L,0.0132
C,217,P,0.068
C,218,Q,0.6288
C,219,G,0.217
C,220,F,0.2132
C,221,S,0.2187
C,222,A,0.0214
C,223,L,0.0
C,224,E,0.2013
C,225,P,0.1318
C,226,L,0.6765
C,227,V,0.2988
C,228,D,0.2607
C,229,L,0.0682
C,230,P,0.0771
C,231,I,0.0142
C,232,G,0.0058
C,233,I,0.0493
C,234,N,0.118
C,235,I,0.0827
C,236,T,0.1752
C,237,R,0.3458
C,238,F,0.0079
C,239,Q,0.0407
C,240,T,0.0184
C,241,L,0.0
C,242,L,0.0119
C,243,A,0.0168
C,244,L,0.1603
C,254,S,1.0061
C,255,S,0.3627
C,256,S,0.3668
C,257,G,0.5017
C,258,W,0.1462
C,259,T,0.5708
C,260,A,0.0333
C,261,G,0.2216
C,262,A,0.2806
C,263,A,0.0303
C,264,A,0.002
C,265,Y,0.0216
C,266,Y,0.0028
C,267,V,0.0273
C,268,G,0.0302
C,269,Y,0.2847
C,270,L,0.0205
C,271,Q,0.3972
C,272,P,0.5189
C,273,R,0.0944
C,274,T,0.2394
C,275,F,0.0005
C,276,L,0.0
C,277,L,0.0
C,278,K,0.2921
C,279,Y,0.0215
C,280,N,0.1027
C,281,E,0.5135
C,282,N,0.2144
C,283,G,0.0129
C,284,T,0.2577
C,285,I,0.0595
C,286,T,0.3637
C,287,D,0.2892
C,288,A,0.045
C,289,V,0.0636
C,290,D,0.0059
C,291,C,0.1711
C,292,A,0.1386
C,293,L,0.2193
C,294,D,0.2613
C,295,P,0.0063
C,296,L,0.0531
C,297,S,0.0864
C,298,E,0.075
C,299,T,0.0059
C,300,K,0.1324
C,301,C,0.0542
C,302,T,0.3096
C,303,L,0.3868
C,304,K,0.3721
C,305,S,0.1882
C,306,F,0.1527
C,307,T,0.4882
C,308,V,0.0063
C,309,E,0.6468
C,310,K,0.4739
C,311,G,0.1222
C,312,I,0.2911
C,313,Y,0.1772
C,314,Q,0.287
C,315,T,0.0844
C,316,S,0.4014
C,317,N,0.1838
C,318,F,0.0264
C,319,R,0.2594
C,320,V,0.0873
C,321,Q,0.2528
C,322,P,0.2324
C,323,T,0.4625
C,324,E,0.3776
C,325,S,0.4834
C,326,I,0.0046
C,327,V,0.1583
C,328,R,0.0665
C,329,F,0.0332
C,330,P,0.1665
C,331,N,0.3531
C,332,I,0.1887
C,333,T,0.7894
C,334,N,0.3955
C,335,L,0.5182
C,336,C,0.053
C,337,P,0.2017
C,338,F,0.117
C,339,G,0.5149
C,340,E,0.4979
C,341,V,0.0371
C,342,F,0.0195
C,343,N,0.2878
C,344,A,0.2679
C,345,T,0.7609
C,346,R,0.7367
C,347,F,0.086
C,348,A,0.1616
C,349,S,0.1351
C,350,V,0.002
C,351,Y,0.1615
C,352,A,0.2059
C,353,W,0.0104
C,354,N,0.4001
C,355,R,0.2511
C,356,K,0.2976
C,357,R,0.4476
C,358,I,0.0496
C,359,S,0.2993
C,360,N,0.4803
C,361,C,0.0215
C,362,V,0.1583
C,363,A,0.0098
C,364,D,0.1906
C,365,Y,0.0238
C,366,S,0.2353
C,367,V,0.4414
C,368,L,0.0353
C,369,Y,0.2481
C,370,N,0.4866
C,371,S,0.2495
C,372,A,0.621
C,373,S,0.4129
C,374,F,0.0889
C,375,S,0.3841
C,376,T,0.252
C,377,F,0.1927
C,378,K,0.4314
C,379,C,0.068
C,380,Y,0.309
C,381,G,0.0783
C,382,V,0.0038
C,383,S,0.0
C,384,P,0.2037
C,385,T,0.3361
C,386,K,0.2296
C,387,L,0.0044
C,388,N,0.1478
C,389,D,0.2464
C,390,L,0.0023
C,391,C,0.0144
C,392,F,0.0016
C,393,T,0.08
C,394,N,0.2435
C,395,V,0.0129
C,396,Y,0.0713
C,397,A,0.001
C,398,D,0.0
C,399,S,0.0767
C,400,F,0.0
C,401,V,0.0019
C,402,I,0.0
C,403,R,0.2112
C,404,G,0.2918
C,405,D,0.4222
C,406,E,0.0335
C,407,V,0.18
C,408,R,0.5498
C,409,Q,0.0611
C,410,I,0.0055
C,411,A,0.1921
C,412,P,0.1576
C,413,G,0.1458
C,414,Q,0.2604
C,415,T,0.4806
C,416,G,0.2205
C,417,K,0.2883
C,418,I,0.0
C,419,A,0.0146
C,420,D,0.1116
C,421,Y,0.1802
C,422,N,0.0115
C,423,Y,0.0041
C,424,K,0.1844
C,425,L,0.0231
C,426,P,0.1456
C,427,D,0.4388
C,428,D,0.5681
C,429,F,0.0304
C,430,T,0.1412
C,431,G,0.0
C,432,C,0.0016
C,433,V,0.0253
C,434,I,0.0032
C,435,A,0.0039
C,436,W,0.0701
C,437,N,0.3267
C,438,S,0.0015
C,439,N,0.1511
C,440,N,0.6354
C,441,L,0.5019
C,442,D,0.0764
C,443,S,0.145
C,444,K,0.6199
C,445,V,0.6375
C,446,G,0.4658
C,447,G,0.2041
C,448,N,0.1117
C,449,Y,0.4541
C,450,N,0.6012
C,451,Y,0.0381
C,452,L,0.1826
C,453,Y,0.087
C,454,R,0.0116
C,455,L,0.2469
C,456,F,0.2436
C,457,R,0.2198
C,458,K,0.8183
C,459,S,0.3798
C,460,N,0.5035
C,461,L,0.0336
C,462,K,0.4664
C,463,P,0.4254
C,464,F,0.2414
C,465,E,0.1693
C,466,R,0.3823
C,467,D,0.1462
C,468,I,0.5252
C,469,S,0.219
C,470,T,0.3253
C,471,E,0.5667
C,472,I,0.1788
C,473,Y,0.2486
C,474,Q,0.402
C,475,A,0.1437
C,476,G,0.2909
C,477,S,0.8292
C,478,T,0.3926
C,479,P,0.59
C,480,C,0.1496
C,481,N,0.6906
C,482,G,0.6481
C,483,V,0.6965
C,484,E,0.491
C,485,G,0.3423
C,486,F,0.5047
C,487,N,0.2119
C,488,C,0.0513
C,489,Y,0.3309
C,490,F,0.4073
C,491,P,0.0206
C,492,L,0.1018
C,493,Q,0.3903
C,494,S,0.2601
C,495,Y,0.0607
C,496,G,0.2881
C,497,F,0.0089
C,498,Q,0.1915
C,499,P,0.3739
C,500,T,0.619
C,501,N,0.1697
C,502,G,0.398
C,503,V,0.7007
C,504,G,0.0807
C,505,Y,0.4519
C,506,Q,0.0738
C,507,P,0.0008
C,508,Y,0.1298
C,509,R,0.0121
C,510,V,0.0058
C,511,V,0.0
C,512,V,0.0
C,513,L,0.0263
C,514,S,0.0945
C,515,F,0.0206
C,516,E,0.3921
C,517,L,0.0708
C,518,L,0.0598
C,519,H,0.3285
C,520,A,0.1799
C,521,P,0.3188
C,522,A,0.1517
C,523,T,0.2941
C,524,V,0.0058
C,525,C,0.0377
C,526,G,0.064
C,527,P,0.4294
C,528,K,0.3766
C,529,K,0.7565
C,530,S,0.2838
C,531,T,0.3065
C,532,N,0.6146
C,533,L,0.1458
C,534,V,0.2111
C,535,K,0.2373
C,536,N,0.6029
C,537,K,0.5202
C,538,C,0.0654
C,539,V,0.0
C,540,N,0.2913
C,541,F,0.0652
C,542,N,0.0724
C,543,F,0.0005
C,544,N,0.0306
C,545,G,0.0021
C,546,L,0.067
C,547,T,0.254
C,548,G,0.121
C,549,T,0.2267
C,550,G,0.0
C,551,V,0.1496
C,552,L,0.0
C,553,T,0.1921
C,554,E,0.5223
C,555,S,0.1655
C,556,N,0.5796
C,557,K,0.1501
C,558,K,0.6423
C,559,F,0.074
C,560,L,0.1709
C,561,P,0.7555
C,562,F,0.1135
C,563,Q,0.0228
C,564,Q,0.0878
C,565,F,0.0322
C,566,G,0.006
C,567,R,0.2229
C,568,D,0.1128
C,569,I,0.3618
C,570,A,0.0171
C,571,D,0.1883
C,572,T,0.3398
C,573,T,0.1884
C,574,D,0.092
C,575,A,0.0
C,576,V,0.0029
C,577,R,0.1398
C,578,D,0.0
C,579,P,0.0477
C,580,Q,0.1947
C,581,T,0.4148
C,582,L,0.5702
C,583,E,0.2755
C,584,I,0.0858
C,585,L,0.0
C,586,D,0.0673
C,587,I,0.0719
C,588,T,0.0252
C,589,P,0.1901
C,590,C,0.0667
C,591,S,0.1681
C,592,F,0.0556
C,593,G,0.0593
C,594,G,0.041
C,595,V,0.0058
C,596,S,0.0091
C,597,V,0.0051
C,598,I,0.0032
C,599,T,0.0043
C,600,P,0.0866
C,601,G,0.0681
C,602,T,0.2227
C,603,N,0.394
C,604,T,0.4886
C,605,S,0.1297
C,606,N,0.457
C,607,Q,0.3371
C,608,V,0.0294
C,609,A,0.001
C,610,V,0.0
C,611,L,0.0163
C,612,Y,0.1102
C,613,Q,0.1479
C,614,G,0.2034
C,615,V,0.0106
C,616,N,0.0474
C,617,C,0.1603
C,618,T,0.3492
C,619,E,0.1036
C,620,V,0.0442
C,621,P,0.4992
C,622,V,0.5162
C,623,A,0.1008
C,624,I,0.3512
C,625,H,0.4354
C,626,A,0.6792
C,627,D,0.0969
C,628,Q,0.5847
C,629,L,0.1427
C,630,T,0.3431
C,631,P,0.1366
C,632,T,0.367
C,633,W,0.0659
C,634,R,0.3508
C,635,V,0.5513
C,636,Y,0.1664
C,637,S,0.2663
C,638,T,0.6243
C,639,G,0.2123
C,640,S,0.7591
C,641,N,0.3463
C,642,V,0.2866
C,643,F,0.1342
C,644,Q,0.2348
C,645,T,0.0285
C,646,R,0.3528
C,647,A,0.0493
C,648,G,0.0048
C,649,C,0.0
C,650,L,0.0006
C,651,I,0.0275
C,652,G,0.2816
C,653,A,0.002
C,654,E,0.3487
C,655,H,0.3066
C,656,V,0.1586
C,657,N,0.3927
C,658,N,0.5221
C,659,S,0.4219
C,660,Y,0.3439
C,661,E,0.6372
C,662,C,0.2269
C,663,D,0.2919
C,664,I,0.0421
C,665,P,0.3411
C,666,I,0.0803
C,667,G,0.0276
C,668,A,0.1197
C,669,G,0.0145
C,670,I,0.0677
C,671,C,0.0
C,672,A,0.0039
C,673,S,0.0585
C,674,Y,0.1951
C,675,Q,0.2765
C,676,T,0.7245
C,689,S,0.8664
C,690,Q,0.3973
C,691,S,0.2027
C,692,I,0.0336
C,693,I,0.0421
C,694,A,0.0
C,695,Y,0.0051
C,696,T,0.3637
C,697,M,0.0602
C,698,S,0.2657
C,699,L,0.1085
C,700,G,0.2984
C,701,A,0.4535
C,702,E,0.6072
C,703,N,0.2794
C,704,S,0.479
C,705,V,0.0632
C,706,A,0.2161
C,707,Y,0.0649
C,708,S,0.2207
C,709,N,0.1962
C,710,N,0.2506
C,711,S,0.1337
C,712,I,0.0415
C,713,A,0.0493
C,714,I,0.0038
C,715,P,0.0134
C,716,T,0.2041
C,717,N,0.0152
C,718,F,0.0051
C,719,T,0.3141
C,720,I,0.0485
C,721,S,0.2245
C,722,V,0.1041
C,723,T,0.295
C,724,T,0.303
C,725,E,0.2236
C,726,I,0.1275
C,727,L,0.0751
C,728,P,0.0934
C,729,V,0.0116
C,730,S,0.0809
C,731,M,0.0212
C,732,T,0.1394
C,733,K,0.0955
C,734,T,0.06
C,735,S,0.1863
C,736,V,0.0412
C,737,D,0.0662
C,738,C,0.0083
C,739,T,0.2787
C,740,M,0.1082
C,741,Y,0.0157
C,742,I,0.0023
C,743,C,0.0268
C,744,G,0.1883
C,745,D,0.4545
C,746,S,0.0406
C,747,T,0.5235
C,748,E,0.465
C,749,C,0.0016
C,750,S,0.2142
C,751,N,0.4914
C,752,L,0.1094
C,753,L,0.0657
C,754,L,0.6061
C,755,Q,0.259
C,756,Y,0.055
C,757,G,0.3081
C,758,S,0.1797
C,759,F,0.0136
C,760,C,0.1194
C,761,T,0.4431
C,762,Q,0.1142
C,763,L,0.0663
C,764,N,0.287
C,765,R,0.3189
C,766,A,0.1154
C,767,L,0.0428
C,768,T,0.3436
C,769,G,0.4156
C,770,I,0.054
C,771,A,0.0803
C,772,V,0.5255
C,773,E,0.15
C,774,Q,0.0274
C,775,D,0.1501
C,776,K,0.4252
C,777,N,0.0264
C,778,T,0.1153
C,779,Q,0.3719
C,780,E,0.3757
C,781,V,0.0
C,782,F,0.0162
C,783,A,0.2106
C,784,Q,0.1021
C,785,V,0.0564
C,786,K,0.6596
C,787,Q,0.3193
C,788,I,0.1223
C,789,Y,0.0322
C,790,K,0.3627
C,791,T,0.2402
C,792,P,0.0528
C,793,P,0.7995
C,794,I,0.5383
C,795,K,0.4644
C,796,D,0.2585
C,797,F,0.0166
C,798,G,0.2443
C,799,G,0.4512
C,800,F,0.051
C,801,N,0.1024
C,802,F,0.0192
C,803,S,0.4077
C,804,Q,0.0682
C,805,I,0.0252
C,806,L,0.0479
C,807,P,0.3319
C,808,D,0.259
C,809,P,0.7248
C,810,S,0.6497
C,811,K,0.2029
C,812,P,0.9002
C,813,S,0.1046
C,814,K,0.5518
C,815,R,0.1352
C,816,S,0.0032
C,817,F,0.328
C,818,I,0.0
C,819,E,0.0327
C,820,D,0.1691
C,821,L,0.1494
C,822,L,0.0013
C,823,F,0.152
C,824,N,0.6579
C,825,K,0.2445
C,826,V,0.0483
C,827,T,0.5277
C,828,L,0.4109
C,829,A,0.3515
C,830,D,0.2115
C,831,A,0.2973
C,832,G,0.1153
C,833,F,0.3446
C,834,I,0.1057
C,835,K,0.3759
C,836,Q,0.7355
C,848,D,0.7097
C,849,L,0.4097
C,850,I,0.2324
C,851,C,0.2196
C,852,A,0.0407
C,853,Q,0.0825
C,854,K,0.2784
C,855,F,0.2375
C,856,N,0.0741
C,857,G,0.0064
C,858,L,0.0327
C,859,T,0.2061
C,860,V,0.1204
C,861,L,0.1874
C,862,P,0.076
C,863,P,0.2871
C,864,L,0.0356
C,865,L,0.0601
C,866,T,0.0638
C,867,D,0.26
C,868,E,0.3132
C,869,M,0.0584
C,870,I,0.069
C,871,A,0.0417
C,872,Q,0.3572
C,873,Y,0.0541
C,874,T,0.0146
C,875,S,0.1547
C,876,A,0.0
C,877,L,0.0
C,878,L,0.0125
C,879,A,0.0174
C,880,G,0.0024
C,881,T,0.0021
C,882,I,0.0109
C,883,T,0.0051
C,884,S,0.0022
C,885,G,0.0629
C,886,W,0.2369
C,887,T,0.154
C,888,F,0.0312
C,889,G,0.0796
C,890,A,0.0619
C,891,G,0.2645
C,892,A,0.3422
C,893,A,0.1723
C,894,L,0.0645
C,895,Q,0.0531
C,896,I,0.069
C,897,P,0.0388
C,898,F,0.006
C,899,A,0.123
C,900,M,0.0468
C,901,Q,0.0204
C,902,M,0.0177
C,903,A,0.0
C,904,Y,0.0822
C,905,R,0.005
C,906,F,0.0
C,907,N,0.2471
C,908,G,0.3153
C,909,I,0.0985
C,910,G,0.417
C,911,V,0.007
C,912,T,0.2224
C,913,Q,0.0226
C,914,N,0.008
C,915,V,0.0145
C,916,L,0.0
C,917,Y,0.0225
C,918,E,0.289
C,919,N,0.2156
C,920,Q,0.0508
C,921,K,0.5983
C,922,L,0.1196
C,923,I,0.0006
C,924,A,0.0293
C,925,N,0.418
C,926,Q,0.0866
C,927,F,0.0225
C,928,N,0.1983
C,929,S,0.3645
C,930,A,0.063
C,931,I,0.007
C,932,G,0.1887
C,933,K,0.5056
C,934,I,0.0567
C,935,Q,0.1711
C,936,D,0.5061
C,937,S,0.3554
C,938,L,0.033
C,939,S,0.5382
C,940,S,0.6437
C,941,T,0.3187
C,942,A,0.6511
C,943,S,0.5986
C,944,A,0.3197
C,945,L,0.0223
C,946,G,0.2946
C,947,K,0.5764
C,948,L,0.0183
C,949,Q,0.158
C,950,D,0.4618
C,951,V,0.1002
C,952,V,0.0738
C,953,N,0.4232
C,954,Q,0.2381
C,955,N,0.0486
C,956,A,0.2372
C,957,Q,0.3687
C,958,A,0.1324
C,959,L,0.0401
C,960,N,0.2027
C,961,T,0.0494
C,962,L,0.0154
C,963,V,0.0181
C,964,K,0.3737
C,965,Q,0.0153
C,966,L,0.0439
C,967,S,0.3077
C,968,S,0.0439
C,969,N,0.2639
C,970,F,0.033
C,971,G,0.2927
C,972,A,0.0551
C,973,I,0.3805
C,974,S,0.0769
C,975,S,0.0706
C,976,V,0.128
C,977,L,0.0524
C,978,N,0.1572
C,979,D,0.0677
C,980,I,0.0
C,981,L,0.1657
C,982,S,0.0426
C,983,R,0.1187
C,984,L,0.1038
C,985,D,0.2779
C,986,K,0.6441
C,987,V,0.6575
C,988,E,0.3682
C,989,A,0.0546
C,990,E,0.3609
C,991,V,0.4639
C,992,Q,0.1322
C,993,I,0.014
C,994,D,0.1682
C,995,R,0.3553
C,996,L,0.0025
C,997,I,0.0019
C,998,T,0.3513
C,999,G,0.0395
C,1000,R,0.057
C,1001,L,0.0088
C,1002,Q,0.1251
C,1003,S,0.0108
C,1004,L,0.0207
C,1005,Q,0.1305
C,1006,T,0.0921
C,1007,Y,0.0348
C,1008,V,0.021
C,1009,T,0.12
C,1010,Q,0.1494
C,1011,Q,0.0214
C,1012,L,0.0999
C,1013,I,0.0725
C,1014,R,0.1378
C,1015,A,0.0066
C,1016,A,0.2527
C,1017,E,0.2992
C,1018,I,0.0473
C,1019,R,0.165
C,1020,A,0.4825
C,1021,S,0.1175
C,1022,A,0.0039
C,1023,N,0.4039
C,1024,L,0.3375
C,1025,A,0.0
C,1026,A,0.1024
C,1027,T,0.2304
C,1028,K,0.05
C,1029,M,0.0
C,1030,S,0.0981
C,1031,E,0.0397
C,1032,C,0.0
C,1033,V,0.0026
C,1034,L,0.003
C,1035,G,0.0083
C,1036,Q,0.1526
C,1037,S,0.095
C,1038,K,0.5723
C,1039,R,0.1284
C,1040,V,0.1711
C,1041,D,0.1754
C,1042,F,0.0882
C,1043,C,0.0145
C,1044,G,0.1846
C,1045,K,0.4799
C,1046,G,0.0708
C,1047,Y,0.1629
C,1048,H,0.0481
C,1049,L,0.0
C,1050,M,0.0184
C,1051,S,0.0007
C,1052,F,0.0016
C,1053,P,0.0008
C,1054,Q,0.0015
C,1055,S,0.0016
C,1056,A,0.0554
C,1057,P,0.0306
C,1058,H,0.2057
C,1059,G,0.0303
C,1060,V,0.0
C,1061,V,0.0014
C,1062,F,0.0
C,1063,L,0.0013
C,1064,H,0.0062
C,1065,V,0.0195
C,1066,T,0.0027
C,1067,Y,0.0014
C,1068,V,0.1497
C,1069,P,0.1099
C,1070,A,0.3092
C,1071,Q,0.4151
C,1072,E,0.2243
C,1073,K,0.5097
C,1074,N,0.2435
C,1075,F,0.0899
C,1076,T,0.3607
C,1077,T,0.0441
C,1078,A,0.0078
C,1079,P,0.1103
C,1080,A,0.0
C,1081,I,0.0
C,1082,C,0.0629
C,1083,H,0.4144
C,1084,D,0.4788
C,1085,G,0.4594
C,1086,K,0.3551
C,1087,A,0.0
C,1088,H,0.0389
C,1089,F,0.0
C,1090,P,0.0222
C,1091,R,0.4299
C,1092,E,0.7022
C,1093,G,0.057
C,1094,V,0.0181
C,1095,F,0.004
C,1096,V,0.0092
C,1097,S,0.0671
C,1098,N,0.215
C,1099,G,0.6027
C,1100,T,0.4794
C,1101,H,0.265
C,1102,W,0.1508
C,1103,F,0.077
C,1104,V,0.0409
C,1105,T,0.0263
C,1106,Q,0.1207
C,1107,R,0.2437
C,1108,N,0.1622
C,1109,F,0.0896
C,1110,Y,0.2235
C,1111,E,0.1628
C,1112,P,0.3663
C,1113,Q,0.3231
C,1114,I,0.4932
C,1115,I,0.0106
C,1116,T,0.1162
C,1117,T,0.3389
C,1118,D,0.5365
C,1119,N,0.1768
C,1120,T,0.0162
C,1121,F,0.1551
C,1122,V,0.3354
C,1123,S,0.1175
C,1124,G,0.4372
C,1125,N,0.3592
C,1126,C,0.22
C,1127,D,0.7161
C,1128,V,0.328
C,1129,V,0.0508
C,1130,I,0.4047
C,1131,G,0.2659
C,1132,I,0.1334
C,1133,V,0.2125
C,1134,N,0.3246
C,1135,N,0.165
C,1136,T,0.5831
C,1137,V,0.0362
C,1138,Y,0.4046
C,1139,D,0.3475
C,1140,P,0.3124
C,1141,L,0.1409
C,1142,Q,0.4432
C,1143,P,0.3354
C,1144,E,0.2892
C,1145,L,0.0437
C,1146,D,0.4131
C,1147,S,0.4197
C,1148,F,0.0761
C,1149,K,0.1883
C,1150,E,0.4183
C,1151,E,0.3104
C,1152,L,0.0181
C,1153,D,0.1837
C,1154,K,0.6371
C,1155,Y,0.3752
C,1156,F,0.0796
C,1157,K,0.5229
C,1158,N,0.188
C,1159,H,0.222
C,1160,T,0.548
C,1161,S,0.543
C,1162,P,0.8604
